id,problem,answer,source,has_answer
aimo1_train_229ee8,"Let $k, l > 0$ be parameters. The parabola $y = kx^2 - 2kx + l$ intersects the line $y = 4$ at two points $A$ and $B$. These points are distance 6 apart. What is the sum of the squares of the distances from $A$ and $B$ to the origin?",52,aimo1_train,True
aimo1_train_246d26,Each of the three-digits numbers $111$ to $999$ is coloured blue or yellow in such a way that the sum of any two (not necessarily different) yellow numbers is equal to a blue number. What is the maximum possible number of yellow numbers there can be?,250,aimo1_train,True
aimo1_train_2fc4ad,"Let the `sparkle' operation on positive integer $n$ consist of calculating the sum of the digits of $n$ and taking its factorial, e.g. the sparkle of 13 is $4! = 24$. A robot starts with a positive integer on a blackboard, then after each second for the rest of eternity, replaces the number on the board with its sparkle. For some `special' numbers, if they're the first number, then eventually every number that appears will be less than 6. How many such special numbers are there with at most 36 digits?",702,aimo1_train,True
aimo1_train_430b63,What is the minimum value of $5x^2+5y^2-8xy$ when $x$ and $y$ range over all real numbers such that $|x-2y| + |y-2x| = 40$?,800,aimo1_train,True
aimo1_train_5277ed,There exists a unique increasing geometric sequence of five 2-digit positive integers. What is their sum?,211,aimo1_train,True
aimo1_train_739bc9,For how many positive integers $m$ does the equation \[\vert \vert x-1 \vert -2 \vert=\frac{m}{100}\] have $4$ distinct solutions?,199,aimo1_train,True
aimo1_train_82e2a0,"Suppose that we roll four 6-sided fair dice with faces numbered 1 to~6. Let $a/b$ be the probability that the highest roll is a 5, where $a$ and $b$ are relatively prime positive integers. Find $a + b$.",185,aimo1_train,True
aimo1_train_8ee6f3,"The points $\left(x, y\right)$ satisfying $((\vert x + y \vert - 10)^2 + ( \vert x - y \vert - 10)^2)((\vert x \vert - 8)^2 + ( \vert y \vert - 8)^2) = 0$ enclose a convex polygon. What is the area of this convex polygon?",320,aimo1_train,True
aimo1_train_bedda4,Let $ABCD$ be a unit square. Let $P$ be the point on $AB$ such that $|AP| = 1/{20}$ and let $Q$ be the point on $AD$ such that $|AQ| = 1/{24}$. The lines $DP$ and $BQ$ divide the square into four regions. Find the ratio between the areas of the largest region and the smallest region.,480,aimo1_train,True
aimo1_train_d7e9c9,A function $f: \mathbb N \to \mathbb N$ satisfies the following two conditions for all positive integers $n$:$f(f(f(n)))=8n-7$ and $f(2n)=2f(n)+1$. Calculate $f(100)$.,199,aimo1_train,True
aimo1_test_000aaa,What is $1-1$?,UNANSWERED,aimo1_test,False
aimo1_test_111bbb,What is $0\times10$?,UNANSWERED,aimo1_test,False
aimo1_test_222ccc,Solve $4+x=4$ for $x$.,UNANSWERED,aimo1_test,False
aimo2_ref_057f8a,"Three airline companies operate flights from Dodola island. Each company has a different schedule of departures. The first company departs every 100 days, the second every 120 days and the third every 150 days. What is the greatest positive integer $d$ for which it is true that there will be $d$ consecutive days without a flight from Dodola island, regardless of the departure times of the various airlines?",79,aimo2_reference,True
aimo2_ref_192e23,"Fred and George take part in a tennis tournament with $4046$ other players. In each round, the players are paired into $2024$ matches. How many ways are there to arrange the first round such that Fred and George do not have to play each other? (Two arrangements for the first round are \textit{different} if there is a player with a different opponent in the two arrangements.)",250,aimo2_reference,True
aimo2_ref_1acac0,Triangle $ABC$ has side length $AB = 120$ and circumradius $R = 100$. Let $D$ be the foot of the perpendicular from $C$ to the line $AB$. What is the greatest possible length of segment $CD$?,180,aimo2_reference,True
aimo2_ref_1fce4b,Find the three-digit number $n$ such that writing any other three-digit number $10^{2024}$ times in a row and $10^{2024}+2$ times in a row results in two numbers divisible by $n$.,143,aimo2_reference,True
aimo2_ref_349493,"We call a sequence $a_1, a_2, \ldots$ of non-negative integers \textit{delightful} if there exists a positive integer $N$ such that for all $n > N$, $a_n = 0$, and for all $i \geq 1$, $a_i$ counts the number of multiples of $i$ in $a_1, a_2, \ldots, a_N$. How many delightful sequences of non-negative integers are there?",3,aimo2_reference,True
aimo2_ref_480182,"Let $ABC$ be a triangle with $BC=108$, $CA=126$, and $AB=39$. Point $X$ lies on segment $AC$ such that $BX$ bisects $\angle CBA$. Let $\omega$ be the circumcircle of triangle $ABX$. Let $Y$ be a point on $\omega$ different from $X$ such that $CX=CY$. Line $XY$ meets $BC$ at $E$. The length of the segment $BE$ can be written as $\frac{m}{n}$, where $m$ and $n$ are coprime positive integers. Find $m+n$.",751,aimo2_reference,True
aimo2_ref_71beb6,"For a positive integer $n$, let $S(n)$ denote the sum of the digits of $n$ in base 10. Compute $S(S(1)+S(2)+\cdots+S(N))$ with $N=10^{100}-2$.",891,aimo2_reference,True
aimo2_ref_88c219,"For positive integers $x_1,\ldots, x_n$ define $G(x_1, \ldots, x_n)$ to be the sum of their $\frac{n(n-1)}{2}$ pairwise greatest common divisors. We say that an integer $n \geq 2$ is \emph{artificial} if there exist $n$ different positive integers $a_1, ..., a_n$ such that 
\[a_1 + \cdots + a_n = G(a_1, \ldots, a_n) +1.\]
Find the sum of all artificial integers $m$ in the range $2 \leq m \leq 40$.",810,aimo2_reference,True
aimo2_ref_a1d40b,"The Fibonacci numbers are defined as follows: $F_0 = 0$, $F_1 = 1$, and $F_{n+1} = F_n + F_{n-1}$ for $n \geq 1$. There are $N$ positive integers $n$ strictly less than $10^{101}$ such that $n^2 + (n+1)^2$ is a multiple of 5 but $F_{n-1}^2 + F_n^2$ is not. How many prime factors does $N$ have, counted with multiplicity?",201,aimo2_reference,True
aimo2_ref_bbd91e,Alice writes all positive integers from $1$ to $n$ on the board for some positive integer $n \geq 11$. Bob then erases ten of them. The mean of the remaining numbers is $3000/37$. The sum of the numbers Bob erased is $S$. What is the remainder when $n \times S$ is divided by $997$?,902,aimo2_reference,True
aimo2_test_000aaa,What is $1-1$?,UNANSWERED,aimo2_test,False
aimo2_test_111bbb,What is $0\times10$?,UNANSWERED,aimo2_test,False
aimo2_test_222ccc,Solve $4+x=4$ for $x$.,UNANSWERED,aimo2_test,False
aimo3_ref_0e644e,"Let $ABC$ be an acute-angled triangle with integer side lengths and $AB<AC$. Points $D$ and $E$ lie on segments $BC$ and $AC$, respectively, such that $AD=AE=AB$. Line $DE$ intersects $AB$ at $X$. Circles $BXD$ and $CED$ intersect for the second time at $Y \neq D$. Suppose that $Y$ lies on line $AD$. There is a unique such triangle with minimal perimeter. This triangle has side lengths $a=BC$, $b=CA$, and $c=AB$. Find the remainder when $abc$ is divided by $10^{5}$.",336,aimo3_reference,True
aimo3_ref_26de63,"Define a function $f \colon \mathbb{Z}_{\geq 1} \to \mathbb{Z}_{\geq 1}$ by
\begin{equation*}
    f(n) = \sum_{i = 1}^n \sum_{j = 1}^n j^{1024} \left\lfloor\frac1j + \frac{n-i}{n}\right\rfloor.
\end{equation*}
Let $M=2 \cdot 3 \cdot 5 \cdot 7 \cdot 11 \cdot 13$ and let $N = f{\left(M^{15}\right)} - f{\left(M^{15}-1\right)}$. Let $k$ be the largest non-negative integer such that $2^k$ divides $N$. What is the remainder when $2^k$ is divided by $5^7$?",32951,aimo3_reference,True
aimo3_ref_424e18,"A tournament is held with $2^{20}$ runners each of which has a different running speed. In each race, two runners compete against each other with the faster runner always winning the race. The competition consists of $20$ rounds with each runner starting with a score of $0$. In each round, the runners are paired in such a way that in each pair, both runners have the same score at the beginning of the round. The winner of each race in the $i^{\text{th}}$ round receives $2^{20-i}$ points and the loser gets no points.

At the end of the tournament, we rank the competitors according to their scores. Let $N$ denote the number of possible orderings of the competitors at the end of the tournament. Let $k$ be the largest positive integer such that $10^k$ divides $N$. What is the remainder when $k$ is divided by $10^{5}$?",21818,aimo3_reference,True
aimo3_ref_42d360,"On a blackboard, Ken starts off by writing a positive integer $n$ and then applies the following move until he first reaches $1$. Given that the number on the board is $m$, he chooses a base $b$, where $2 \leq b \leq m$, and considers the unique base-$b$ representation of $m$,
\begin{equation*}
    m = \sum_{k = 0}^\infty a_k \cdot b^k
\end{equation*}
where $a_k$ are non-negative integers and $0 \leq a_k < b$ for each $k$. Ken then erases $m$ on the blackboard and replaces it with $\sum\limits_{k = 0}^\infty a_k$.

Across all choices of $1 \leq n \leq 10^{10^5}$, the largest possible number of moves Ken could make is $M$. What is the remainder when $M$ is divided by $10^{5}$?",32193,aimo3_reference,True
aimo3_ref_641659,"Let $ABC$ be a triangle with $AB \neq AC$, circumcircle $\Omega$, and incircle $\omega$. Let the contact points of $\omega$ with $BC$, $CA$, and $AB$ be $D$, $E$, and $F$, respectively. Let the circumcircle of $AFE$ meet $\Omega$ at $K$ and let the reflection of $K$ in $EF$ be $K'$. Let $N$ denote the foot of the perpendicular from $D$ to $EF$. The circle tangent to line $BN$ and passing through $B$ and $K$ intersects $BC$ again at $T \neq B$. 
    
Let sequence $(F_n)_{n \geq 0}$ be defined by $F_0 = 0$, $F_1 = 1$ and for $n \geq 2$, $F_n = F_{n-1} + F_{n-2}$. Call $ABC$ $n$\emph{-tastic} if $BD = F_n$, $CD = F_{n+1}$, and $KNK'B$ is cyclic. Across all $n$-tastic triangles, let $a_n$ denote the maximum possible value of $\frac{CT \cdot NB}{BT \cdot NE}$. Let $\alpha$ denote the smallest real number such that for all sufficiently large $n$, $a_{2n} < \alpha$. Given that $\alpha = p + \sqrt{q}$ for rationals $p$ and $q$, what is the remainder when $\left\lfloor p^{q^p} \right\rfloor$ is divided by $99991$?",57447,aimo3_reference,True
aimo3_ref_86e8e5,"Let $n \geq 6$ be a positive integer. We call a positive integer $n$-Norwegian if it has three distinct positive divisors whose sum is equal to $n$. Let $f(n)$ denote the smallest $n$-Norwegian positive integer. Let $M=3^{2025!}$ and for a non-negative integer $c$ define 
\begin{equation*}
    g(c)=\frac{1}{2025!}\left\lfloor \frac{2025! f(M+c)}{M}\right\rfloor.
\end{equation*}
We can write 
\begin{equation*}
    g(0)+g(4M)+g(1848374)+g(10162574)+g(265710644)+g(44636594)=\frac{p}{q}
\end{equation*}
where $p$ and $q$ are coprime positive integers. What is the remainder when $p+q$ is divided by $99991$?",8687,aimo3_reference,True
aimo3_ref_92ba6a,"Alice and Bob are each holding some integer number of sweets. Alice says to Bob: ``If we each added the number of sweets we're holding to our (positive integer) age, my answer would be double yours. If we took the product, then my answer would be four times yours.'' Bob replies: ``Why don't you give me five of your sweets because then both our sum and product would be equal.'' What is the product of Alice and Bob's ages?",50,aimo3_reference,True
aimo3_ref_9c1c5f,"Let $f \colon \mathbb{Z}_{\geq 1} \to \mathbb{Z}_{\geq 1}$ be a function such that for all positive integers $m$ and $n$, 
\begin{equation*}
    f(m) + f(n) = f(m + n + mn).
\end{equation*}
Across all functions $f$ such that $f(n) \leq 1000$ for all $n \leq 1000$, how many different values can $f(2024)$ take?",580,aimo3_reference,True
aimo3_ref_a295e9,"A $500 \times 500$ square is divided into $k$ rectangles, each having integer side lengths. Given that no two of these rectangles have the same perimeter, the largest possible value of $k$ is $\mathcal{K}$. What is the remainder when $k$ is divided by $10^{5}$?",520,aimo3_reference,True
aimo3_ref_dd7f5e,"Let $\mathcal{F}$ be the set of functions $\alpha \colon \mathbb{Z}\to \mathbb{Z}$ for which there are only finitely many $n \in \mathbb{Z}$ such that $\alpha(n) \neq 0$. 

For two functions $\alpha$ and $\beta$ in $\mathcal{F}$, define their product $\alpha\star\beta$ to be $\sum\limits_{n\in\mathbb{Z}} \alpha(n)\cdot \beta(n)$. Also, for $n\in\mathbb{Z}$, define a shift operator $S_n \colon \mathcal{F}\to \mathcal{F}$ by $S_n(\alpha)(t)=\alpha(t+n)$ for all $t \in \mathbb{Z}$.

A function $\alpha \in \mathcal{F}$ is called \emph{shifty} if 
\begin{itemize}
    \item $\alpha(m)=0$ for all integers $m<0$ and $m>8$ and
    \item There exists $\beta \in \mathcal{F}$ and integers $k \neq l$ such that for all $n \in \mathbb{Z}$
    \begin{equation*}
        S_n(\alpha)\star\beta =
        \begin{cases}
            1 & n \in \{k,l\} \\
            0 & n \not \in \{k,l\}
        \end{cases}
        \; .
    \end{equation*}
\end{itemize}
How many shifty functions are there in $\mathcal{F}$?",160,aimo3_reference,True
aimo3_data_1,Find all positive integers n such that n^2 + 1 is divisible by n + 1.,UNANSWERED,aimo3_data,False
aimo3_data_2,"Let a, b, c be positive real numbers such that abc = 1. Prove that a^2 + b^2 + c^2 >= a + b + c.",UNANSWERED,aimo3_data,False
aimo3_data_3,"In triangle ABC, let D be the foot of the altitude from A. If BD = 3, DC = 4, and AD = sqrt(12), find the area of triangle ABC.",UNANSWERED,aimo3_data,False
aimo3_data_4,How many ways can you arrange the letters of MATHEMATICS such that no two identical letters are adjacent?,UNANSWERED,aimo3_data,False
aimo3_data_5,Find the remainder when 2^100 + 3^100 is divided by 5.,UNANSWERED,aimo3_data,False
aimo3_test_000aaa,What is $1-1$?,UNANSWERED,aimo3_test,False
aimo3_test_111bbb,What is $0\times10$?,UNANSWERED,aimo3_test,False
aimo3_test_222ccc,Solve $4+x=4$ for $x$.,UNANSWERED,aimo3_test,False
